2013020176, NYR, v
2013020176, NYI, h
2013020177, ANA, v
2013020177, PHI, h
2013020178, DAL, v
2013020178, MTL, h
2013020179, TBL, v
2013020179, NJD, h
2013020180, OTT, v
2013020180, CHI, h
2013020181, WPG, v
2013020181, STL, h
2013020182, TOR, v
2013020182, EDM, h
2013020183, LAK, v
2013020183, PHX, h
2013020184, BOS, v
2013020184, PIT, h
2013020185, TOR, v
2013020185, CGY, h
2013020186, DET, v
2013020186, VAN, h
2013020187, SJS, v
2013020187, LAK, h
2013020188, ANA, v
2013020188, BOS, h
2013020189, BUF, v
2013020189, NYR, h
2013020190, NSH, v
2013020190, PHX, h
2013020191, WSH, v
2013020191, PHI, h
2013020192, CBJ, v
2013020192, PIT, h
2013020193, TBL, v
2013020193, CAR, h
2013020194, NYI, v
2013020194, OTT, h
2013020195, STL, v
2013020195, FLA, h
2013020196, MTL, v
2013020196, MIN, h
2013020197, COL, v
2013020197, DAL, h
2013020198, DET, v
2013020198, CGY, h
2013020199, CHI, v
2013020199, WPG, h
2013020200, ANA, v
2013020200, BUF, h
2013020201, STL, v
2013020201, TBL, h
2013020202, PHI, v
2013020202, NJD, h
2013020203, BOS, v
2013020203, NYI, h
2013020204, CAR, v
2013020204, NYR, h
2013020205, FLA, v
2013020205, WSH, h
2013020206, PIT, v
2013020206, CBJ, h
2013020207, TOR, v
2013020207, VAN, h
2013020208, MTL, v
2013020208, COL, h
2013020209, DET, v
2013020209, EDM, h
2013020210, NSH, v
2013020210, LAK, h
2013020211, PHX, v
2013020211, SJS, h
2013020212, DAL, v
2013020212, OTT, h
2013020213, CGY, v
2013020213, CHI, h
2013020214, NJD, v
2013020214, MIN, h
2013020215, ANA, v
2013020215, NYR, h
2013020216, DET, v
2013020216, WPG, h
2013020217, DAL, v
2013020217, BOS, h
2013020218, NYI, v
2013020218, WSH, h
2013020219, OTT, v
2013020219, CBJ, h
2013020220, STL, v
2013020220, MTL, h
2013020221, EDM, v
2013020221, FLA, h
2013020222, PHI, v
2013020222, CAR, h
2013020223, CGY, v
2013020223, MIN, h
2013020224, VAN, v
2013020224, PHX, h
2013020225, BUF, v
2013020225, SJS, h
2013020226, PIT, v
2013020226, NYR, h
2013020227, WPG, v
2013020227, CHI, h
2013020228, NSH, v
2013020228, COL, h
2013020229, PHX, v
2013020229, ANA, h
2013020230, FLA, v
2013020230, BOS, h
2013020231, MTL, v
2013020231, OTT, h
2013020232, NJD, v
2013020232, PHI, h
2013020233, MIN, v
2013020233, WSH, h
2013020234, NYI, v
2013020234, CAR, h
2013020235, NYR, v
2013020235, CBJ, h
2013020236, DAL, v
2013020236, DET, h
2013020237, EDM, v
2013020237, TBL, h
2013020238, CGY, v
2013020238, STL, h
2013020239, BUF, v
2013020239, LAK, h
2013020240, VAN, v
2013020240, SJS, h
2013020241, NJD, v
2013020241, TOR, h
2013020242, NSH, v
2013020242, WPG, h
2013020243, CGY, v
2013020243, COL, h
2013020244, BUF, v
2013020244, ANA, h
2013020245, EDM, v
2013020245, PHI, h
2013020246, FLA, v
2013020246, OTT, h
2013020247, TOR, v
2013020247, BOS, h
2013020248, TBL, v
2013020248, DET, h
2013020249, MIN, v
2013020249, CAR, h
2013020250, NYI, v
2013020250, CBJ, h
2013020251, PIT, v
2013020251, STL, h
2013020252, CHI, v
2013020252, DAL, h
2013020253, WSH, v
2013020253, PHX, h
2013020254, VAN, v
2013020254, LAK, h
2013020255, NYI, v
2013020255, MTL, h
2013020256, NSH, v
2013020256, NJD, h
2013020257, FLA, v
2013020257, NYR, h
2013020258, EDM, v
2013020258, CHI, h
2013020259, SJS, v
2013020259, WPG, h
2013020260, WSH, v
2013020260, COL, h
2013020261, VAN, v
2013020261, ANA, h
2013020262, TBL, v
2013020262, BOS, h
2013020263, LAK, v
2013020263, BUF, h
2013020264, NSH, v
2013020264, NYI, h
2013020265, NJD, v
2013020265, NYR, h
2013020266, CBJ, v
2013020266, WSH, h
2013020267, COL, v
2013020267, CAR, h
2013020268, TBL, v
2013020268, MTL, h
2013020269, PHI, v
2013020269, OTT, h
2013020270, WPG, v
2013020270, DET, h
2013020271, ANA, v
2013020271, FLA, h
2013020272, PHX, v
2013020272, STL, h
2013020273, SJS, v
2013020273, CGY, h
2013020274, TOR, v
2013020274, MIN, h
2013020275, PHI, v
2013020275, PIT, h
2013020276, DAL, v
2013020276, EDM, h
2013020277, CBJ, v
2013020277, BOS, h
2013020278, LAK, v
2013020278, NYI, h
2013020279, ANA, v
2013020279, TBL, h
2013020280, PHX, v
2013020280, CHI, h
2013020281, COL, v
2013020281, STL, h
2013020282, DAL, v
2013020282, CGY, h
2013020283, SJS, v
2013020283, VAN, h
2013020284, TOR, v
2013020284, BUF, h
2013020285, LAK, v
2013020285, NJD, h
2013020286, NSH, v
2013020286, PIT, h
2013020287, ANA, v
2013020287, CAR, h
2013020288, MTL, v
2013020288, CBJ, h
2013020289, BOS, v
2013020289, OTT, h
2013020290, WSH, v
2013020290, DET, h
2013020291, FLA, v
2013020291, MIN, h
2013020292, PHI, v
2013020292, WPG, h
2013020293, SJS, v
2013020293, EDM, h
2013020294, BUF, v
2013020294, TOR, h
2013020295, NYR, v
2013020295, MTL, h
2013020296, PIT, v
2013020296, NJD, h
2013020297, DET, v
2013020297, NYI, h
2013020298, CAR, v
2013020298, STL, h
2013020299, CHI, v
2013020299, NSH, h
2013020300, TBL, v
2013020300, PHX, h
2013020301, FLA, v
2013020301, COL, h
2013020302, EDM, v
2013020302, CGY, h
2013020303, CBJ, v
2013020303, OTT, h
2013020304, STL, v
2013020304, WSH, h
2013020305, LAK, v
2013020305, NYR, h
2013020306, SJS, v
2013020306, CHI, h
2013020307, WPG, v
2013020307, MIN, h
2013020308, DAL, v
2013020308, VAN, h
2013020309, BOS, v
2013020309, CAR, h
2013020310, ANA, v
2013020310, PIT, h
2013020311, CGY, v
2013020311, WPG, h
2013020312, STL, v
2013020312, BUF, h
2013020313, NYI, v
2013020313, TOR, h
2013020314, OTT, v
2013020314, PHI, h
2013020315, MIN, v
2013020315, MTL, h
2013020316, NSH, v
2013020316, DET, h
2013020317, BOS, v
2013020317, NYR, h
2013020318, CHI, v
2013020318, COL, h
2013020319, CBJ, v
2013020319, EDM, h
2013020320, FLA, v
2013020320, VAN, h
2013020321, TBL, v
2013020321, LAK, h
2013020322, MIN, v
2013020322, OTT, h
2013020323, PIT, v
2013020323, WSH, h
2013020324, CBJ, v
2013020324, CGY, h
2013020325, NJD, v
2013020325, ANA, h
2013020326, STL, v
2013020326, BOS, h
2013020327, NSH, v
2013020327, TOR, h
2013020328, BUF, v
2013020328, PHI, h
2013020329, CAR, v
2013020329, DET, h
2013020330, CHI, v
2013020330, WPG, h
2013020331, NYR, v
2013020331, DAL, h
2013020332, COL, v
2013020332, PHX, h
2013020333, FLA, v
2013020333, EDM, h
2013020334, NJD, v
2013020334, LAK, h
2013020335, TBL, v
2013020335, SJS, h
2013020336, NYI, v
2013020336, PIT, h
2013020337, MTL, v
2013020337, WSH, h
2013020338, FLA, v
2013020338, CGY, h
2013020339, CBJ, v
2013020339, VAN, h
2013020340, TBL, v
2013020340, ANA, h
2013020341, CAR, v
2013020341, BOS, h
2013020342, MIN, v
2013020342, WPG, h
2013020343, WSH, v
2013020343, TOR, h
2013020344, PIT, v
2013020344, MTL, h
2013020345, OTT, v
2013020345, DET, h
2013020346, NYI, v
2013020346, PHI, h
2013020347, DAL, v
2013020347, STL, h
2013020348, NYR, v
2013020348, NSH, h
2013020349, ANA, v
2013020349, PHX, h
2013020350, CHI, v
2013020350, VAN, h
2013020351, COL, v
2013020351, LAK, h
2013020352, NJD, v
2013020352, SJS, h
2013020353, DET, v
2013020353, BUF, h
2013020354, OTT, v
2013020354, CAR, h
2013020355, PIT, v
2013020355, BOS, h
2013020356, CBJ, v
2013020356, TOR, h
2013020357, WPG, v
2013020357, NJD, h
2013020358, NYR, v
2013020358, TBL, h
2013020359, PHI, v
2013020359, FLA, h
2013020360, MIN, v
2013020360, STL, h
2013020361, PHX, v
2013020361, NSH, h
2013020362, CHI, v
2013020362, EDM, h
2013020363, LAK, v
2013020363, VAN, h
2013020364, ANA, v
2013020364, DAL, h
2013020365, MTL, v
2013020365, BUF, h
2013020366, CAR, v
2013020366, NJD, h
2013020367, WPG, v
2013020367, NYI, h
2013020368, OTT, v
2013020368, WSH, h
2013020369, NSH, v
2013020369, CBJ, h
2013020370, BOS, v
2013020370, DET, h
2013020371, PHI, v
2013020371, TBL, h
2013020372, NYR, v
2013020372, FLA, h
2013020373, TOR, v
2013020373, PIT, h
2013020374, PHX, v
2013020374, MIN, h
2013020375, STL, v
2013020375, COL, h
2013020376, CHI, v
2013020376, CGY, h
2013020377, LAK, v
2013020377, SJS, h
2013020378, VAN, v
2013020378, OTT, h
2013020379, EDM, v
2013020379, NSH, h
2013020380, WPG, v
2013020380, PHI, h
2013020381, NYR, v
2013020381, BOS, h
2013020382, PIT, v
2013020382, TBL, h
2013020383, DET, v
2013020383, NYI, h
2013020384, CGY, v
2013020384, ANA, h
2013020385, STL, v
2013020385, SJS, h
2013020386, MTL, v
2013020386, WSH, h
2013020387, COL, v
2013020387, MIN, h
2013020388, NJD, v
2013020388, CAR, h
2013020389, EDM, v
2013020389, CBJ, h
2013020390, TOR, v
2013020390, BUF, h
2013020391, CHI, v
2013020391, DAL, h
2013020392, VAN, v
2013020392, NYR, h
2013020393, CBJ, v
2013020393, BOS, h
2013020394, TOR, v
2013020394, MTL, h
2013020395, PIT, v
2013020395, FLA, h
2013020396, BUF, v
2013020396, NJD, h
2013020397, WSH, v
2013020397, NYI, h
2013020398, PHI, v
2013020398, NSH, h
2013020399, CHI, v
2013020399, PHX, h
2013020400, MIN, v
2013020400, COL, h
2013020401, CGY, v
2013020401, LAK, h
2013020402, ANA, v
2013020402, SJS, h
2013020403, VAN, v
2013020403, CAR, h
2013020404, DET, v
2013020404, OTT, h
2013020405, EDM, v
2013020405, DAL, h
2013020406, WPG, v
2013020406, NYR, h
2013020407, NJD, v
2013020407, MTL, h
2013020408, PHI, v
2013020408, MIN, h
2013020409, STL, v
2013020409, LAK, h
2013020410, SJS, v
2013020410, TOR, h
2013020411, PIT, v
2013020411, NYI, h
2013020412, CAR, v
2013020412, WSH, h
2013020413, TBL, v
2013020413, CBJ, h
2013020414, OTT, v
2013020414, FLA, h
2013020415, DAL, v
2013020415, CHI, h
2013020416, VAN, v
2013020416, NSH, h
2013020417, PHX, v
2013020417, EDM, h
2013020418, LAK, v
2013020418, ANA, h
2013020419, MTL, v
2013020419, NJD, h
2013020420, PHI, v
2013020420, DET, h
2013020421, PHX, v
2013020421, CGY, h
2013020422, NYR, v
2013020422, BUF, h
2013020423, DAL, v
2013020423, TOR, h
2013020424, SJS, v
2013020424, PIT, h
2013020425, BOS, v
2013020425, MTL, h
2013020426, OTT, v
2013020426, TBL, h
2013020427, WPG, v
2013020427, FLA, h
2013020428, NYI, v
2013020428, STL, h
2013020429, CAR, v
2013020429, NSH, h
2013020430, CHI, v
2013020430, MIN, h
2013020431, COL, v
2013020431, EDM, h
2013020432, DET, v
2013020432, NJD, h
2013020433, SJS, v
2013020433, CAR, h
2013020434, MIN, v
2013020434, CBJ, h
2013020435, ANA, v
2013020435, CHI, h
2013020436, COL, v
2013020436, CGY, h
2013020437, PHX, v
2013020437, VAN, h
2013020438, PHI, v
2013020438, DAL, h
2013020439, PIT, v
2013020439, BOS, h
2013020440, BUF, v
2013020440, MTL, h
2013020441, TOR, v
2013020441, OTT, h
2013020442, FLA, v
2013020442, DET, h
2013020443, WPG, v
2013020443, TBL, h
2013020444, NSH, v
2013020444, WSH, h
2013020445, NJD, v
2013020445, NYR, h
2013020446, ANA, v
2013020446, STL, h
2013020447, CGY, v
2013020447, EDM, h
2013020448, NYI, v
2013020448, LAK, h
2013020449, SJS, v
2013020449, MIN, h
2013020450, BOS, v
2013020450, TOR, h
2013020451, WSH, v
2013020451, NYR, h
2013020452, FLA, v
2013020452, CHI, h
2013020453, COL, v
2013020453, VAN, h
2013020454, PHI, v
2013020454, OTT, h
2013020455, CBJ, v
2013020455, PIT, h
2013020456, CAR, v
2013020456, VAN, h
2013020457, NYI, v
2013020457, ANA, h
2013020458, OTT, v
2013020458, BUF, h
2013020459, TBL, v
2013020459, WSH, h
2013020460, NJD, v
2013020460, CBJ, h
2013020461, LAK, v
2013020461, MTL, h
2013020462, DET, v
2013020462, FLA, h
2013020463, NSH, v
2013020463, NYR, h
2013020464, STL, v
2013020464, WPG, h
2013020465, CHI, v
2013020465, DAL, h
2013020466, PHX, v
2013020466, COL, h
2013020467, BOS, v
2013020467, CGY, h
2013020468, CAR, v
2013020468, EDM, h
2013020469, NYI, v
2013020469, SJS, h
2013020470, LAK, v
2013020470, TOR, h
2013020471, PHI, v
2013020471, CHI, h
2013020472, MIN, v
2013020472, ANA, h
2013020473, CBJ, v
2013020473, NYR, h
2013020474, MTL, v
2013020474, PHI, h
2013020475, BUF, v
2013020475, OTT, h
2013020476, DET, v
2013020476, TBL, h
2013020477, TOR, v
2013020477, STL, h
2013020478, DAL, v
2013020478, NSH, h
2013020479, COL, v
2013020479, WPG, h
2013020480, CAR, v
2013020480, CGY, h
2013020481, NYI, v
2013020481, PHX, h
2013020482, BOS, v
2013020482, EDM, h
2013020483, MIN, v
2013020483, SJS, h
2013020484, NJD, v
2013020484, PIT, h
2013020485, WSH, v
2013020485, FLA, h
2013020486, EDM, v
2013020486, VAN, h
2013020487, CGY, v
2013020487, BUF, h
2013020488, LAK, v
2013020488, OTT, h
2013020489, DAL, v
2013020489, WPG, h
2013020490, CHI, v
2013020490, TOR, h
2013020491, PIT, v
2013020491, DET, h
2013020492, TBL, v
2013020492, NJD, h
2013020493, MTL, v
2013020493, NYI, h
2013020494, STL, v
2013020494, CBJ, h
2013020495, SJS, v
2013020495, NSH, h
2013020496, CAR, v
2013020496, PHX, h
2013020497, MIN, v
2013020497, COL, h
2013020498, BOS, v
2013020498, VAN, h
2013020499, PHI, v
2013020499, WSH, h
2013020500, TBL, v
2013020500, DET, h
2013020501, FLA, v
2013020501, MTL, h
2013020502, CGY, v
2013020502, NYR, h
2013020503, LAK, v
2013020503, CHI, h
2013020504, EDM, v
2013020504, ANA, h
2013020505, TOR, v
2013020505, PIT, h
2013020506, WPG, v
2013020506, CBJ, h
2013020507, STL, v
2013020507, OTT, h
2013020508, DAL, v
2013020508, COL, h
2013020509, CGY, v
2013020509, BOS, h
2013020510, WPG, v
2013020510, BUF, h
2013020511, FLA, v
2013020511, TOR, h
2013020512, TBL, v
2013020512, NYI, h
2013020513, PHX, v
2013020513, MTL, h
2013020514, ANA, v
2013020514, DET, h
2013020515, WSH, v
2013020515, PHI, h
2013020516, SJS, v
2013020516, STL, h
2013020517, CHI, v
2013020517, NSH, h
2013020518, VAN, v
2013020518, MIN, h
2013020519, COL, v
2013020519, DAL, h
2013020520, EDM, v
2013020520, LAK, h
2013020521, OTT, v
2013020521, NJD, h
2013020522, PIT, v
2013020522, NYR, h
2013020523, BOS, v
2013020523, BUF, h
2013020524, PHX, v
2013020524, TOR, h
2013020525, CBJ, v
2013020525, PHI, h
2013020526, MIN, v
2013020526, PIT, h
2013020527, FLA, v
2013020527, OTT, h
2013020528, CGY, v
2013020528, DET, h
2013020529, NSH, v
2013020529, TBL, h
2013020530, MTL, v
2013020530, STL, h
2013020531, VAN, v
2013020531, DAL, h
2013020532, EDM, v
2013020532, COL, h
2013020533, SJS, v
2013020533, LAK, h
2013020534, ANA, v
2013020534, NJD, h
2013020535, NYI, v
2013020535, NYR, h
2013020536, WSH, v
2013020536, CAR, h
2013020537, VAN, v
2013020537, CHI, h
2013020538, FLA, v
2013020538, WPG, h
2013020539, CGY, v
2013020539, PIT, h
2013020540, PHX, v
2013020540, OTT, h
2013020541, COL, v
2013020541, LAK, h
2013020542, BUF, v
2013020542, BOS, h
2013020543, DET, v
2013020543, TOR, h
2013020544, CAR, v
2013020544, TBL, h
2013020545, ANA, v
2013020545, NYI, h
2013020546, NJD, v
2013020546, WSH, h
2013020547, PHI, v
2013020547, CBJ, h
2013020548, MTL, v
2013020548, NSH, h
2013020549, STL, v
2013020549, EDM, h
2013020550, DAL, v
2013020550, SJS, h
2013020551, MIN, v
2013020551, NYR, h
2013020552, WPG, v
2013020552, VAN, h
2013020553, PHX, v
2013020553, BUF, h
2013020554, TOR, v
2013020554, NYR, h
2013020555, ANA, v
2013020555, WSH, h
2013020556, CBJ, v
2013020556, CAR, h
2013020557, PIT, v
2013020557, OTT, h
2013020558, NYI, v
2013020558, DET, h
2013020559, TBL, v
2013020559, FLA, h
2013020560, MIN, v
2013020560, PHI, h
2013020561, NJD, v
2013020561, CHI, h
2013020562, BOS, v
2013020562, NSH, h
2013020563, STL, v
2013020563, CGY, h
2013020564, WPG, v
2013020564, EDM, h
2013020565, DAL, v
2013020565, LAK, h
2013020566, COL, v
2013020566, SJS, h
2013020567, OTT, v
2013020567, BOS, h
2013020568, CBJ, v
2013020568, NJD, h
2013020569, NYR, v
2013020569, WSH, h
2013020570, PIT, v
2013020570, CAR, h
2013020571, BUF, v
2013020571, TOR, h
2013020572, COL, v
2013020572, CHI, h
2013020573, MIN, v
2013020573, WPG, h
2013020574, NSH, v
2013020574, DAL, h
2013020575, EDM, v
2013020575, CGY, h
2013020576, SJS, v
2013020576, PHX, h
2013020577, BOS, v
2013020577, OTT, h
2013020578, MTL, v
2013020578, TBL, h
2013020579, DET, v
2013020579, FLA, h
2013020580, NJD, v
2013020580, NYI, h
2013020581, CHI, v
2013020581, STL, h
2013020582, LAK, v
2013020582, NSH, h
2013020583, PHX, v
2013020583, ANA, h
2013020584, PHI, v
2013020584, EDM, h
2013020585, WSH, v
2013020585, BUF, h
2013020586, MTL, v
2013020586, FLA, h
2013020587, PIT, v
2013020587, CBJ, h
2013020588, STL, v
2013020588, DAL, h
2013020589, CAR, v
2013020589, TOR, h
2013020590, NYR, v
2013020590, TBL, h
2013020591, VAN, v
2013020591, CGY, h
2013020592, NYI, v
2013020592, MIN, h
2013020593, WPG, v
2013020593, COL, h
2013020594, ANA, v
2013020594, SJS, h
2013020595, WSH, v
2013020595, OTT, h
2013020596, LAK, v
2013020596, CHI, h
2013020597, DET, v
2013020597, NSH, h
2013020598, PHI, v
2013020598, VAN, h
2013020599, PIT, v
2013020599, NJD, h
2013020600, NYR, v
2013020600, FLA, h
2013020601, STL, v
2013020601, MIN, h
2013020602, NYI, v
2013020602, BOS, h
2013020603, MTL, v
2013020603, CAR, h
2013020604, BUF, v
2013020604, WPG, h
2013020605, LAK, v
2013020605, DAL, h
2013020606, CBJ, v
2013020606, COL, h
2013020607, SJS, v
2013020607, ANA, h
2013020608, PHI, v
2013020608, CGY, h
2013020609, EDM, v
2013020609, PHX, h
2013020610, TOR, v
2013020610, DET, h
2013020611, TBL, v
2013020611, VAN, h
2013020612, NSH, v
2013020612, BOS, h
2013020613, CHI, v
2013020613, NYI, h
2013020614, CAR, v
2013020614, WSH, h
2013020615, WPG, v
2013020615, OTT, h
2013020616, LAK, v
2013020616, STL, h
2013020617, BUF, v
2013020617, MIN, h
2013020618, MTL, v
2013020618, DAL, h
2013020619, PHI, v
2013020619, COL, h
2013020620, CBJ, v
2013020620, PHX, h
2013020621, EDM, v
2013020621, SJS, h
2013020622, CHI, v
2013020622, NJD, h
2013020623, NYR, v
2013020623, PIT, h
2013020624, TBL, v
2013020624, CGY, h
2013020625, EDM, v
2013020625, ANA, h
2013020626, WPG, v
2013020626, BOS, h
2013020627, SJS, v
2013020627, COL, h
2013020628, NJD, v
2013020628, BUF, h
2013020629, NYR, v
2013020629, TOR, h
2013020630, OTT, v
2013020630, MTL, h
2013020631, NSH, v
2013020631, FLA, h
2013020632, CAR, v
2013020632, NYI, h
2013020633, CBJ, v
2013020633, STL, h
2013020634, DET, v
2013020634, DAL, h
2013020635, WSH, v
2013020635, MIN, h
2013020636, PHI, v
2013020636, PHX, h
2013020637, VAN, v
2013020637, LAK, h
2013020638, WPG, v
2013020638, PIT, h
2013020639, NSH, v
2013020639, CAR, h
2013020640, SJS, v
2013020640, CHI, h
2013020641, TBL, v
2013020641, EDM, h
2013020642, VAN, v
2013020642, ANA, h
2013020643, DAL, v
2013020643, NYI, h
2013020644, CBJ, v
2013020644, NYR, h
2013020645, FLA, v
2013020645, MTL, h
2013020646, CGY, v
2013020646, COL, h
2013020647, CAR, v
2013020647, BUF, h
2013020648, NYI, v
2013020648, TOR, h
2013020649, PHI, v
2013020649, NJD, h
2013020650, SJS, v
2013020650, NSH, h
2013020651, TBL, v
2013020651, WPG, h
2013020652, CGY, v
2013020652, PHX, h
2013020653, STL, v
2013020653, EDM, h
2013020654, PIT, v
2013020654, VAN, h
2013020655, BOS, v
2013020655, ANA, h
2013020656, MIN, v
2013020656, LAK, h
2013020657, MTL, v
2013020657, PHI, h
2013020658, NYR, v
2013020658, CHI, h
2013020659, OTT, v
2013020659, COL, h
2013020660, FLA, v
2013020660, BUF, h
2013020661, DAL, v
2013020661, NJD, h
2013020662, TOR, v
2013020662, CAR, h
2013020663, WSH, v
2013020663, TBL, h
2013020664, ANA, v
2013020664, NSH, h
2013020665, STL, v
2013020665, CGY, h
2013020666, MIN, v
2013020666, PHX, h
2013020667, BOS, v
2013020667, LAK, h
2013020668, DET, v
2013020668, SJS, h
2013020669, DAL, v
2013020669, NYR, h
2013020670, TOR, v
2013020670, WSH, h
2013020671, CAR, v
2013020671, CBJ, h
2013020672, NYI, v
2013020672, COL, h
2013020673, PIT, v
2013020673, EDM, h
2013020674, STL, v
2013020674, VAN, h
2013020675, TBL, v
2013020675, PHI, h
2013020676, CHI, v
2013020676, MTL, h
2013020677, FLA, v
2013020677, NJD, h
2013020678, OTT, v
2013020678, NSH, h
2013020679, CBJ, v
2013020679, WPG, h
2013020680, COL, v
2013020680, MIN, h
2013020681, ANA, v
2013020681, PHX, h
2013020682, PIT, v
2013020682, CGY, h
2013020683, DET, v
2013020683, LAK, h
2013020684, BOS, v
2013020684, SJS, h
2013020685, BUF, v
2013020685, WSH, h
2013020686, NYI, v
2013020686, DAL, h
2013020687, NJD, v
2013020687, TOR, h
2013020688, PHI, v
2013020688, NYR, h
2013020689, EDM, v
2013020689, CHI, h
2013020690, MIN, v
2013020690, NSH, h
2013020691, DET, v
2013020691, ANA, h
2013020692, CGY, v
2013020692, CAR, h
2013020693, TBL, v
2013020693, CBJ, h
2013020694, PHX, v
2013020694, WPG, h
2013020695, VAN, v
2013020695, LAK, h
2013020696, TOR, v
2013020696, BOS, h
2013020697, TBL, v
2013020697, NYR, h
2013020698, SJS, v
2013020698, WSH, h
2013020699, PHI, v
2013020699, BUF, h
2013020700, NJD, v
2013020700, MTL, h
2013020701, NYI, v
2013020701, FLA, h
2013020702, COL, v
2013020702, CHI, h
2013020703, PHX, v
2013020703, STL, h
2013020704, CGY, v
2013020704, NSH, h
2013020705, OTT, v
2013020705, MIN, h
2013020706, EDM, v
2013020706, DAL, h
2013020707, BUF, v
2013020707, TOR, h
2013020708, WSH, v
2013020708, PIT, h
2013020709, VAN, v
2013020709, ANA, h
2013020710, DET, v
2013020710, NYR, h
2013020711, NSH, v
2013020711, PHI, h
2013020712, MTL, v
2013020712, OTT, h
2013020713, NYI, v
2013020713, TBL, h
2013020714, SJS, v
2013020714, FLA, h
2013020715, LAK, v
2013020715, STL, h
2013020716, EDM, v
2013020716, MIN, h
2013020717, BOS, v
2013020717, DAL, h
2013020718, NJD, v
2013020718, COL, h
2013020719, WPG, v
2013020719, CGY, h
2013020720, VAN, v
2013020720, PHX, h
2013020721, WSH, v
2013020721, CBJ, h
2013020722, ANA, v
2013020722, CHI, h
2013020723, NYR, v
2013020723, OTT, h
2013020724, SJS, v
2013020724, TBL, h
2013020725, EDM, v
2013020725, WPG, h
2013020726, CBJ, v
2013020726, BUF, h
2013020727, MTL, v
2013020727, TOR, h
2013020728, LAK, v
2013020728, DET, h
2013020729, NYI, v
2013020729, PHI, h
2013020730, FLA, v
2013020730, CAR, h
2013020731, ANA, v
2013020731, STL, h
2013020732, COL, v
2013020732, NSH, h
2013020733, NJD, v
2013020733, PHX, h
2013020734, DAL, v
2013020734, MIN, h
2013020735, CGY, v
2013020735, VAN, h
2013020736, BOS, v
2013020736, CHI, h
2013020737, TBL, v
2013020737, CAR, h
2013020738, WSH, v
2013020738, NYR, h
2013020739, PHI, v
2013020739, NYI, h
2013020740, LAK, v
2013020740, BOS, h
2013020741, FLA, v
2013020741, PIT, h
2013020742, STL, v
2013020742, DET, h
2013020743, DAL, v
2013020743, NSH, h
2013020744, TOR, v
2013020744, PHX, h
2013020745, CGY, v
2013020745, SJS, h
2013020746, FLA, v
2013020746, BUF, h
2013020747, STL, v
2013020747, NJD, h
2013020748, NYI, v
2013020748, NYR, h
2013020749, CAR, v
2013020749, PHI, h
2013020750, OTT, v
2013020750, WSH, h
2013020751, LAK, v
2013020751, CBJ, h
2013020752, MIN, v
2013020752, DAL, h
2013020753, TOR, v
2013020753, COL, h
2013020754, VAN, v
2013020754, EDM, h
2013020755, WPG, v
2013020755, ANA, h
2013020756, MTL, v
2013020756, PIT, h
2013020757, CHI, v
2013020757, DET, h
2013020758, PHX, v
2013020758, CGY, h
2013020759, CAR, v
2013020759, BUF, h
2013020760, STL, v
2013020760, NYR, h
2013020761, PHI, v
2013020761, CBJ, h
2013020762, OTT, v
2013020762, TBL, h
2013020763, PIT, v
2013020763, NYI, h
2013020764, CHI, v
2013020764, MIN, h
2013020765, TOR, v
2013020765, DAL, h
2013020766, NSH, v
2013020766, VAN, h
2013020767, LAK, v
2013020767, ANA, h
2013020768, WPG, v
2013020768, SJS, h
2013020769, WSH, v
2013020769, NJD, h
2013020770, OTT, v
2013020770, CAR, h
2013020771, MTL, v
2013020771, DET, h
2013020772, COL, v
2013020772, FLA, h
2013020773, NSH, v
2013020773, CGY, h
2013020774, PHX, v
2013020774, EDM, h
2013020775, STL, v
2013020775, NYI, h
2013020776, BOS, v
2013020776, PHI, h
2013020777, WSH, v
2013020777, MTL, h
2013020778, COL, v
2013020778, TBL, h
2013020779, BUF, v
2013020779, CBJ, h
2013020780, TOR, v
2013020780, WPG, h
2013020781, PIT, v
2013020781, DAL, h
2013020782, ANA, v
2013020782, LAK, h
2013020783, MIN, v
2013020783, SJS, h
2013020784, NYR, v
2013020784, NJD, h
2013020785, FLA, v
2013020785, DET, h
2013020786, WPG, v
2013020786, CHI, h
2013020787, NSH, v
2013020787, EDM, h
2013020788, PHX, v
2013020788, VAN, h
2013020789, BOS, v
2013020789, NYI, h
2013020790, CBJ, v
2013020790, CAR, h
2013020791, BUF, v
2013020791, PIT, h
2013020792, COL, v
2013020792, DAL, h
2013020793, EDM, v
2013020793, VAN, h
2013020794, LAK, v
2013020794, SJS, h
2013020795, FLA, v
2013020795, BOS, h
2013020796, TBL, v
2013020796, TOR, h
2013020797, DET, v
2013020797, PHI, h
2013020798, OTT, v
2013020798, CBJ, h
2013020799, WSH, v
2013020799, BUF, h
2013020800, CAR, v
2013020800, MTL, h
2013020801, NJD, v
2013020801, STL, h
2013020802, NSH, v
2013020802, WPG, h
2013020803, LAK, v
2013020803, PHX, h
2013020804, CHI, v
2013020804, CGY, h
2013020805, MIN, v
2013020805, ANA, h
2013020806, NYR, v
2013020806, NYI, h
2013020807, SJS, v
2013020807, EDM, h
2013020808, CHI, v
2013020808, VAN, h
2013020809, MTL, v
2013020809, BOS, h
2013020810, FLA, v
2013020810, TOR, h
2013020811, WSH, v
2013020811, CBJ, h
2013020812, TBL, v
2013020812, OTT, h
2013020813, NJD, v
2013020813, DAL, h
2013020814, MIN, v
2013020814, COL, h
2013020815, SJS, v
2013020815, CGY, h
2013020816, BUF, v
2013020816, PHX, h
2013020817, PHI, v
2013020817, ANA, h
2013020818, PIT, v
2013020818, LAK, h
2013020819, NYI, v
2013020819, NYR, h
2013020820, STL, v
2013020820, CAR, h
2013020821, WSH, v
2013020821, DET, h
2013020822, NJD, v
2013020822, NSH, h
2013020823, VAN, v
2013020823, WPG, h
2013020824, EDM, v
2013020824, BOS, h
2013020825, TBL, v
2013020825, MTL, h
2013020826, BUF, v
2013020826, COL, h
2013020827, PHI, v
2013020827, LAK, h
2013020828, OTT, v
2013020828, TOR, h
2013020829, FLA, v
2013020829, CBJ, h
2013020830, NSH, v
2013020830, STL, h
2013020831, PIT, v
2013020831, PHX, h
2013020832, MIN, v
2013020832, CGY, h
2013020833, DAL, v
2013020833, ANA, h
2013020834, CHI, v
2013020834, SJS, h
2013020835, DET, v
2013020835, WSH, h
2013020836, WPG, v
2013020836, MTL, h
2013020837, EDM, v
2013020837, BUF, h
2013020838, OTT, v
2013020838, PIT, h
2013020839, VAN, v
2013020839, DET, h
2013020840, COL, v
2013020840, NJD, h
2013020841, CBJ, v
2013020841, ANA, h
2013020842, CHI, v
2013020842, LAK, h
2013020843, PHI, v
2013020843, SJS, h
2013020844, VAN, v
2013020844, BOS, h
2013020845, COL, v
2013020845, NYR, h
2013020846, WPG, v
2013020846, CAR, h
2013020847, CGY, v
2013020847, MTL, h
2013020848, TOR, v
2013020848, FLA, h
2013020849, NYI, v
2013020849, WSH, h
2013020850, OTT, v
2013020850, STL, h
2013020851, TBL, v
2013020851, MIN, h
2013020852, DAL, v
2013020852, PHX, h
2013020853, PIT, v
2013020853, BUF, h
2013020854, CHI, v
2013020854, ANA, h
2013020855, DAL, v
2013020855, SJS, h
2013020856, CGY, v
2013020856, NYI, h
2013020857, EDM, v
2013020857, NYR, h
2013020858, COL, v
2013020858, PHI, h
2013020859, WPG, v
2013020859, WSH, h
2013020860, VAN, v
2013020860, MTL, h
2013020861, BUF, v
2013020861, OTT, h
2013020862, TOR, v
2013020862, TBL, h
2013020863, DET, v
2013020863, FLA, h
2013020864, BOS, v
2013020864, STL, h
2013020865, NSH, v
2013020865, MIN, h
2013020866, CBJ, v
2013020866, LAK, h
2013020867, EDM, v
2013020867, NJD, h
2013020868, NYR, v
2013020868, PIT, h
2013020869, FLA, v
2013020869, CAR, h
2013020870, CHI, v
2013020870, PHX, h
2013020871, CBJ, v
2013020871, SJS, h
2013020872, CGY, v
2013020872, PHI, h
2013020873, WPG, v
2013020873, STL, h
2013020874, OTT, v
2013020874, BOS, h
2013020875, VAN, v
2013020875, TOR, h
2013020876, MTL, v
2013020876, CAR, h
2013020877, DET, v
2013020877, TBL, h
2013020878, COL, v
2013020878, NYI, h
2013020879, NJD, v
2013020879, WSH, h
2013020880, ANA, v
2013020880, NSH, h
2013020881, PHX, v
2013020881, DAL, h
2013020882, BOS, v
2013020882, BUF, h
2013020883, DET, v
2013020883, MTL, h
2013020884, LAK, v
2013020884, COL, h
2013020885, STL, v
2013020885, VAN, h
2013020886, CBJ, v
2013020886, NJD, h
2013020887, TOR, v
2013020887, NYI, h
2013020888, CHI, v
2013020888, NYR, h
2013020889, SJS, v
2013020889, PHI, h
2013020890, MTL, v
2013020890, PIT, h
2013020891, DET, v
2013020891, OTT, h
2013020892, WSH, v
2013020892, FLA, h
2013020893, TBL, v
2013020893, NSH, h
2013020894, PHX, v
2013020894, WPG, h
2013020895, CAR, v
2013020895, DAL, h
2013020896, LAK, v
2013020896, CGY, h
2013020897, MIN, v
2013020897, EDM, h
2013020898, SJS, v
2013020898, BUF, h
2013020899, PHX, v
2013020899, COL, h
2013020900, MIN, v
2013020900, VAN, h
2013020901, STL, v
2013020901, ANA, h
2013020902, WSH, v
2013020902, BOS, h
2013020903, NJD, v
2013020903, NYI, h
2013020904, NYR, v
2013020904, PHI, h
2013020905, FLA, v
2013020905, CBJ, h
2013020906, WPG, v
2013020906, NSH, h
2013020907, TBL, v
2013020907, DAL, h
2013020908, CAR, v
2013020908, LAK, h
2013020909, TOR, v
2013020909, MTL, h
2013020910, PIT, v
2013020910, CHI, h
2013020911, CGY, v
2013020911, EDM, h
2013020912, PHI, v
2013020912, WSH, h
2013020913, SJS, v
2013020913, NJD, h
2013020914, FLA, v
2013020914, NYI, h
2013020915, OTT, v
2013020915, VAN, h
2013020916, BOS, v
2013020916, NYR, h
2013020917, TBL, v
2013020917, COL, h
2013020918, STL, v
2013020918, PHX, h
2013020919, CAR, v
2013020919, ANA, h
2013020920, CBJ, v
2013020920, TOR, h
2013020921, BUF, v
2013020921, DAL, h
2013020922, CGY, v
2013020922, MIN, h
2013020923, MTL, v
2013020923, LAK, h
2013020924, FLA, v
2013020924, BOS, h
2013020925, DET, v
2013020925, NJD, h
2013020926, DAL, v
2013020926, CBJ, h
2013020927, COL, v
2013020927, CHI, h
2013020928, TBL, v
2013020928, STL, h
2013020929, PIT, v
2013020929, NSH, h
2013020930, NYI, v
2013020930, WPG, h
2013020931, VAN, v
2013020931, PHX, h
2013020932, OTT, v
2013020932, EDM, h
2013020933, CAR, v
2013020933, SJS, h
2013020934, TOR, v
2013020934, NYR, h
2013020935, WSH, v
2013020935, PHI, h
2013020936, OTT, v
2013020936, CGY, h
2013020937, MTL, v
2013020937, ANA, h
2013020938, WSH, v
2013020938, BOS, h
2013020939, LAK, v
2013020939, WPG, h
2013020940, COL, v
2013020940, DET, h
2013020941, BUF, v
2013020941, TBL, h
2013020942, CBJ, v
2013020942, CHI, h
2013020943, STL, v
2013020943, NSH, h
2013020944, VAN, v
2013020944, DAL, h
2013020945, MTL, v
2013020945, PHX, h
2013020946, NYI, v
2013020946, EDM, h
2013020947, PIT, v
2013020947, SJS, h
2013020948, NYR, v
2013020948, CAR, h
2013020949, NJD, v
2013020949, DET, h
2013020950, BUF, v
2013020950, FLA, h
2013020951, NYI, v
2013020951, CGY, h
2013020952, PIT, v
2013020952, ANA, h
2013020953, OTT, v
2013020953, WPG, h
2013020954, STL, v
2013020954, COL, h
2013020955, PHI, v
2013020955, TOR, h
2013020956, BOS, v
2013020956, TBL, h
2013020957, CAR, v
2013020957, NJD, h
2013020958, PHX, v
2013020958, WSH, h
2013020959, CBJ, v
2013020959, NSH, h
2013020960, MIN, v
2013020960, DAL, h
2013020961, CGY, v
2013020961, VAN, h
2013020962, MTL, v
2013020962, SJS, h
2013020963, BOS, v
2013020963, FLA, h
2013020964, CHI, v
2013020964, BUF, h
2013020965, DET, v
2013020965, NYR, h
2013020966, STL, v
2013020966, MIN, h
2013020967, LAK, v
2013020967, EDM, h
2013020968, PIT, v
2013020968, WSH, h
2013020969, NSH, v
2013020969, OTT, h
2013020970, PHX, v
2013020970, TBL, h
2013020971, CBJ, v
2013020971, DAL, h
2013020972, WPG, v
2013020972, COL, h
2013020973, LAK, v
2013020973, CGY, h
2013020974, NYI, v
2013020974, VAN, h
2013020975, TOR, v
2013020975, ANA, h
2013020976, NSH, v
2013020976, BUF, h
2013020977, NJD, v
2013020977, PHI, h
2013020978, NYR, v
2013020978, CAR, h
2013020979, DET, v
2013020979, CBJ, h
2013020980, PHX, v
2013020980, FLA, h
2013020981, WSH, v
2013020981, PIT, h
2013020982, DAL, v
2013020982, STL, h
2013020983, EDM, v
2013020983, MIN, h
2013020984, TOR, v
2013020984, SJS, h
2013020985, BOS, v
2013020985, MTL, h
2013020986, VAN, v
2013020986, WPG, h
2013020987, CHI, v
2013020987, COL, h
2013020988, ANA, v
2013020988, CGY, h
2013020989, PHX, v
2013020989, BOS, h
2013020990, BUF, v
2013020990, CAR, h
2013020991, SJS, v
2013020991, CBJ, h
2013020992, FLA, v
2013020992, TBL, h
2013020993, EDM, v
2013020993, STL, h
2013020994, NYR, v
2013020994, MIN, h
2013020995, TOR, v
2013020995, LAK, h
2013020996, SJS, v
2013020996, NYI, h
2013020997, VAN, v
2013020997, WSH, h
2013020998, EDM, v
2013020998, DET, h
2013020999, NJD, v
2013020999, FLA, h
2013021000, NSH, v
2013021000, CHI, h
2013021001, NYR, v
2013021001, WPG, h
2013021002, CGY, v
2013021002, DAL, h
2013021003, ANA, v
2013021003, COL, h
2013021004, CAR, v
2013021004, BOS, h
2013021005, PIT, v
2013021005, PHI, h
2013021006, OTT, v
2013021006, MTL, h
2013021007, NJD, v
2013021007, TBL, h
2013021008, BUF, v
2013021008, NYI, h
2013021009, STL, v
2013021009, NSH, h
2013021010, CBJ, v
2013021010, MIN, h
2013021011, CGY, v
2013021011, PHX, h
2013021012, ANA, v
2013021012, LAK, h
2013021013, VAN, v
2013021013, FLA, h
2013021014, TOR, v
2013021014, WSH, h
2013021015, EDM, v
2013021015, CAR, h
2013021016, SJS, v
2013021016, NYR, h
2013021017, COL, v
2013021017, OTT, h
2013021018, MTL, v
2013021018, BUF, h
2013021019, PHI, v
2013021019, PIT, h
2013021020, DET, v
2013021020, CHI, h
2013021021, DAL, v
2013021021, WPG, h
2013021022, MIN, v
2013021022, BOS, h
2013021023, VAN, v
2013021023, TBL, h
2013021024, WPG, v
2013021024, STL, h
2013021025, PHX, v
2013021025, LAK, h
2013021026, BOS, v
2013021026, NJD, h
2013021027, MIN, v
2013021027, NYI, h
2013021028, DAL, v
2013021028, PIT, h
2013021029, CAR, v
2013021029, CBJ, h
2013021030, COL, v
2013021030, MTL, h
2013021031, NYR, v
2013021031, OTT, h
2013021032, TOR, v
2013021032, DET, h
2013021033, CHI, v
2013021033, PHI, h
2013021034, BUF, v
2013021034, CGY, h
2013021035, NSH, v
2013021035, EDM, h
2013021036, WSH, v
2013021036, ANA, h
2013021037, FLA, v
2013021037, SJS, h
2013021038, TBL, v
2013021038, TOR, h
2013021039, STL, v
2013021039, CHI, h
2013021040, COL, v
2013021040, WPG, h
2013021041, NSH, v
2013021041, VAN, h
2013021042, MIN, v
2013021042, NJD, h
2013021043, DAL, v
2013021043, PHI, h
2013021044, CBJ, v
2013021044, MTL, h
2013021045, TBL, v
2013021045, OTT, h
2013021046, PIT, v
2013021046, DET, h
2013021047, BUF, v
2013021047, EDM, h
2013021048, FLA, v
2013021048, PHX, h
2013021049, WSH, v
2013021049, LAK, h
2013021050, ANA, v
2013021050, SJS, h
2013021051, NYR, v
2013021051, CBJ, h
2013021052, CAR, v
2013021052, CHI, h
2013021053, BOS, v
2013021053, COL, h
2013021054, NSH, v
2013021054, CGY, h
2013021055, STL, v
2013021055, PHI, h
2013021056, TBL, v
2013021056, PIT, h
2013021057, DET, v
2013021057, MIN, h
2013021058, OTT, v
2013021058, DAL, h
2013021059, FLA, v
2013021059, LAK, h
2013021060, MTL, v
2013021060, TOR, h
2013021061, NYR, v
2013021061, NJD, h
2013021062, CAR, v
2013021062, WPG, h
2013021063, BOS, v
2013021063, PHX, h
2013021064, CGY, v
2013021064, EDM, h
2013021065, WSH, v
2013021065, SJS, h
2013021066, CBJ, v
2013021066, NYI, h
2013021067, STL, v
2013021067, PIT, h
2013021068, TOR, v
2013021068, NJD, h
2013021069, NSH, v
2013021069, CHI, h
2013021070, MIN, v
2013021070, DET, h
2013021071, BUF, v
2013021071, VAN, h
2013021072, FLA, v
2013021072, ANA, h
2013021073, PHX, v
2013021073, NYR, h
2013021074, LAK, v
2013021074, PHI, h
2013021075, MTL, v
2013021075, BOS, h
2013021076, OTT, v
2013021076, TBL, h
2013021077, WPG, v
2013021077, DAL, h
2013021078, SJS, v
2013021078, CGY, h
2013021079, STL, v
2013021079, TOR, h
2013021080, PHX, v
2013021080, PIT, h
2013021081, LAK, v
2013021081, WSH, h
2013021082, NYI, v
2013021082, CAR, h
2013021083, BUF, v
2013021083, MTL, h
2013021084, OTT, v
2013021084, FLA, h
2013021085, DET, v
2013021085, CBJ, h
2013021086, DAL, v
2013021086, CHI, h
2013021087, COL, v
2013021087, NSH, h
2013021088, SJS, v
2013021088, EDM, h
2013021089, VAN, v
2013021089, MIN, h
2013021090, PHI, v
2013021090, NYR, h
2013021091, ANA, v
2013021091, CGY, h
2013021092, CHI, v
2013021092, BOS, h
2013021093, PHX, v
2013021093, NJD, h
2013021094, LAK, v
2013021094, PIT, h
2013021095, MTL, v
2013021095, DET, h
2013021096, NYI, v
2013021096, TBL, h
2013021097, CAR, v
2013021097, FLA, h
2013021098, MIN, v
2013021098, STL, h
2013021099, BUF, v
2013021099, NSH, h
2013021100, VAN, v
2013021100, COL, h
2013021101, WPG, v
2013021101, SJS, h
2013021102, TOR, v
2013021102, PHI, h
2013021103, PIT, v
2013021103, CBJ, h
2013021104, CHI, v
2013021104, OTT, h
2013021105, NSH, v
2013021105, DAL, h
2013021106, NYR, v
2013021106, CGY, h
2013021107, ANA, v
2013021107, EDM, h
2013021108, BOS, v
2013021108, WSH, h
2013021109, SJS, v
2013021109, COL, h
2013021110, TBL, v
2013021110, BUF, h
2013021111, DET, v
2013021111, TOR, h
2013021112, MTL, v
2013021112, FLA, h
2013021113, NJD, v
2013021113, NYI, h
2013021114, CBJ, v
2013021114, CAR, h
2013021115, DAL, v
2013021115, STL, h
2013021116, MIN, v
2013021116, PHX, h
2013021117, ANA, v
2013021117, VAN, h
2013021118, WPG, v
2013021118, LAK, h
2013021119, CGY, v
2013021119, OTT, h
2013021120, TBL, v
2013021120, DET, h
2013021121, BOS, v
2013021121, PHI, h
2013021122, CHI, v
2013021122, PIT, h
2013021123, WSH, v
2013021123, NSH, h
2013021124, NYR, v
2013021124, EDM, h
2013021125, CAR, v
2013021125, OTT, h
2013021126, FLA, v
2013021126, NJD, h
2013021127, WPG, v
2013021127, ANA, h
2013021128, MIN, v
2013021128, LAK, h
2013021129, NJD, v
2013021129, BUF, h
2013021130, CGY, v
2013021130, TOR, h
2013021131, FLA, v
2013021131, NYI, h
2013021132, CAR, v
2013021132, PIT, h
2013021133, DAL, v
2013021133, WSH, h
2013021134, COL, v
2013021134, CBJ, h
2013021135, MTL, v
2013021135, TBL, h
2013021136, PHI, v
2013021136, STL, h
2013021137, NYR, v
2013021137, VAN, h
2013021138, WPG, v
2013021138, PHX, h
2013021139, EDM, v
2013021139, SJS, h
2013021140, NYI, v
2013021140, OTT, h
2013021141, BOS, v
2013021141, DET, h
2013021142, EDM, v
2013021142, ANA, h
2013021143, PHX, v
2013021143, LAK, h
2013021144, CBJ, v
2013021144, PHI, h
2013021145, DAL, v
2013021145, CAR, h
2013021146, BOS, v
2013021146, TOR, h
2013021147, CGY, v
2013021147, TBL, h
2013021148, MIN, v
2013021148, CHI, h
2013021149, BUF, v
2013021149, STL, h
2013021150, PIT, v
2013021150, WPG, h
2013021151, NYR, v
2013021151, COL, h
2013021152, LAK, v
2013021152, SJS, h
2013021153, MTL, v
2013021153, OTT, h
2013021154, CHI, v
2013021154, CBJ, h
2013021155, WSH, v
2013021155, NJD, h
2013021156, BUF, v
2013021156, DET, h
2013021157, CGY, v
2013021157, FLA, h
2013021158, EDM, v
2013021158, PHX, h
2013021159, NSH, v
2013021159, ANA, h
2013021160, PHI, v
2013021160, BOS, h
2013021161, COL, v
2013021161, STL, h
2013021162, WSH, v
2013021162, NYI, h
2013021163, WPG, v
2013021163, TOR, h
2013021164, DET, v
2013021164, MTL, h
2013021165, DAL, v
2013021165, TBL, h
2013021166, OTT, v
2013021166, NYR, h
2013021167, NJD, v
2013021167, CAR, h
2013021168, PIT, v
2013021168, MIN, h
2013021169, LAK, v
2013021169, VAN, h
2013021170, NSH, v
2013021170, SJS, h
2013021171, DAL, v
2013021171, FLA, h
2013021172, NYI, v
2013021172, CBJ, h
2013021173, BUF, v
2013021173, PHI, h
2013021174, STL, v
2013021174, CHI, h
2013021175, PIT, v
2013021175, COL, h
2013021176, ANA, v
2013021176, EDM, h
2013021177, CGY, v
2013021177, NJD, h
2013021178, MIN, v
2013021178, WPG, h
2013021179, ANA, v
2013021179, VAN, h
2013021180, DET, v
2013021180, BUF, h
2013021181, OTT, v
2013021181, NYI, h
2013021182, CAR, v
2013021182, NYR, h
2013021183, PHX, v
2013021183, CBJ, h
2013021184, TOR, v
2013021184, TBL, h
2013021185, PHI, v
2013021185, FLA, h
2013021186, WSH, v
2013021186, STL, h
2013021187, BOS, v
2013021187, MIN, h
2013021188, NSH, v
2013021188, DAL, h
2013021189, COL, v
2013021189, EDM, h
2013021190, MTL, v
2013021190, CHI, h
2013021191, DET, v
2013021191, PIT, h
2013021192, LAK, v
2013021192, CGY, h
2013021193, SJS, v
2013021193, ANA, h
2013021194, BUF, v
2013021194, NYR, h
2013021195, WSH, v
2013021195, CAR, h
2013021196, NYI, v
2013021196, MTL, h
2013021197, NJD, v
2013021197, OTT, h
2013021198, PHI, v
2013021198, TBL, h
2013021199, TOR, v
2013021199, FLA, h
2013021200, PHX, v
2013021200, NSH, h
2013021201, STL, v
2013021201, MIN, h
2013021202, BOS, v
2013021202, WPG, h
2013021203, LAK, v
2013021203, EDM, h
2013021204, COL, v
2013021204, VAN, h
2013021205, CHI, v
2013021205, WSH, h
2013021206, CAR, v
2013021206, DET, h
2013021207, CBJ, v
2013021207, TBL, h
2013021208, NYI, v
2013021208, NJD, h
2013021209, STL, v
2013021209, DAL, h
2013021210, WPG, v
2013021210, CGY, h
2013021211, COL, v
2013021211, SJS, h
2013021212, BUF, v
2013021212, BOS, h
2013021213, PHI, v
2013021213, PIT, h
2013021214, NYR, v
2013021214, MTL, h
2013021215, TOR, v
2013021215, OTT, h
2013021216, CBJ, v
2013021216, FLA, h
2013021217, CHI, v
2013021217, NSH, h
2013021218, SJS, v
2013021218, PHX, h
2013021219, VAN, v
2013021219, EDM, h
2013021220, ANA, v
2013021220, LAK, h
2013021221, BOS, v
2013021221, NJD, h
2013021222, CAR, v
2013021222, PHI, h
2013021223, TBL, v
2013021223, WSH, h
2013021224, DET, v
2013021224, STL, h
2013021225, NYI, v
2013021225, BUF, h
2013021226, OTT, v
2013021226, PIT, h
2013021227, NSH, v
2013021227, MIN, h
2013021228, CGY, v
2013021228, VAN, h
2013021229, COL, v
2013021229, ANA, h
2013021230, DAL, v
2013021230, PHX, h
2013020001, TOR, v
2013020001, MTL, h
2013020002, WSH, v
2013020002, CHI, h
2013020003, WPG, v
2013020003, EDM, h
2013020004, TOR, v
2013020004, PHI, h
2013020005, BUF, v
2013020005, DET, h
2013020006, ANA, v
2013020006, COL, h
2013020007, TBL, v
2013020007, BOS, h
2013020008, NJD, v
2013020008, PIT, h
2013020009, CGY, v
2013020009, WSH, h
2013020011, LAK, v
2013020011, MIN, h
2013020010, NSH, v
2013020010, STL, h
2013020012, FLA, v
2013020012, DAL, h
2013020013, NYR, v
2013020013, PHX, h
2013020014, VAN, v
2013020014, SJS, h
2013020015, OTT, v
2013020015, BUF, h
2013020016, NYI, v
2013020016, NJD, h
2013020017, DET, v
2013020017, CAR, h
2013020018, CGY, v
2013020018, CBJ, h
2013020019, LAK, v
2013020019, WPG, h
2013020020, NSH, v
2013020020, COL, h
2013020021, DET, v
2013020021, BOS, h
2013020022, OTT, v
2013020022, TOR, h
2013020023, PHI, v
2013020023, MTL, h
2013020024, CBJ, v
2013020024, NYI, h
2013020025, BUF, v
2013020025, PIT, h
2013020026, TBL, v
2013020026, CHI, h
2013020027, FLA, v
2013020027, STL, h
2013020028, WSH, v
2013020028, DAL, h
2013020029, ANA, v
2013020029, MIN, h
2013020030, EDM, v
2013020030, VAN, h
2013020031, PHX, v
2013020031, SJS, h
2013020032, PHI, v
2013020032, CAR, h
2013020033, ANA, v
2013020033, WPG, h
2013020034, VAN, v
2013020034, CGY, h
2013020035, NJD, v
2013020035, EDM, h
2013020036, NYR, v
2013020036, LAK, h
2013020037, COL, v
2013020037, TOR, h
2013020038, PHX, v
2013020038, NYI, h
2013020039, FLA, v
2013020039, PHI, h
2013020040, CAR, v
2013020040, PIT, h
2013020041, TBL, v
2013020041, BUF, h
2013020042, MIN, v
2013020042, NSH, h
2013020043, NJD, v
2013020043, VAN, h
2013020044, NYR, v
2013020044, SJS, h
2013020045, CHI, v
2013020045, STL, h
2013020046, MTL, v
2013020046, CGY, h
2013020047, OTT, v
2013020047, LAK, h
2013020048, COL, v
2013020048, BOS, h
2013020049, CBJ, v
2013020049, BUF, h
2013020050, CAR, v
2013020050, WSH, h
2013020051, PHX, v
2013020051, DET, h
2013020052, FLA, v
2013020052, TBL, h
2013020053, TOR, v
2013020053, NSH, h
2013020054, WPG, v
2013020054, MIN, h
2013020055, MTL, v
2013020055, EDM, h
2013020056, SJS, v
2013020056, VAN, h
2013020057, NYR, v
2013020057, ANA, h
2013020058, PHX, v
2013020058, PHI, h
2013020059, LAK, v
2013020059, CAR, h
2013020060, PIT, v
2013020060, FLA, h
2013020061, NYI, v
2013020061, CHI, h
2013020062, DAL, v
2013020062, WPG, h
2013020063, NJD, v
2013020063, CGY, h
2013020068, BOS, v
2013020068, CBJ, h
2013020064, EDM, v
2013020064, TOR, h
2013020065, PHI, v
2013020065, DET, h
2013020066, PIT, v
2013020066, TBL, h
2013020067, COL, v
2013020067, WSH, h
2013020069, BUF, v
2013020069, CHI, h
2013020070, NYR, v
2013020070, STL, h
2013020071, NYI, v
2013020071, NSH, h
2013020072, DAL, v
2013020072, MIN, h
2013020073, MTL, v
2013020073, VAN, h
2013020074, OTT, v
2013020074, SJS, h
2013020075, PHX, v
2013020075, CAR, h
2013020076, LAK, v
2013020076, FLA, h
2013020077, NJD, v
2013020077, WPG, h
2013020078, OTT, v
2013020078, ANA, h
2013020079, DET, v
2013020079, BOS, h
2013020080, EDM, v
2013020080, WSH, h
2013020081, MIN, v
2013020081, BUF, h
2013020082, MIN, v
2013020082, TOR, h
2013020083, BUF, v
2013020083, NYI, h
2013020084, VAN, v
2013020084, PHI, h
2013020085, EDM, v
2013020085, PIT, h
2013020086, CHI, v
2013020086, CAR, h
2013020088, LAK, v
2013020088, TBL, h
2013020087, CBJ, v
2013020087, DET, h
2013020089, SJS, v
2013020089, STL, h
2013020090, FLA, v
2013020090, NSH, h
2013020091, MTL, v
2013020091, WPG, h
2013020092, DAL, v
2013020092, COL, h
2013020093, OTT, v
2013020093, PHX, h
2013020094, NYR, v
2013020094, WSH, h
2013020095, CGY, v
2013020095, ANA, h
2013020096, VAN, v
2013020096, BUF, h
2013020097, CAR, v
2013020097, TOR, h
2013020098, EDM, v
2013020098, NYI, h
2013020099, PIT, v
2013020099, PHI, h
2013020100, CBJ, v
2013020100, MTL, h
2013020101, NJD, v
2013020101, OTT, h
2013020102, MIN, v
2013020102, TBL, h
2013020103, BOS, v
2013020103, FLA, h
2013020104, STL, v
2013020104, CHI, h
2013020105, LAK, v
2013020105, NSH, h
2013020106, SJS, v
2013020106, DAL, h
2013020107, DET, v
2013020107, COL, h
2013020108, STL, v
2013020108, WPG, h
2013020109, PHX, v
2013020109, ANA, h
2013020110, VAN, v
2013020110, PIT, h
2013020111, EDM, v
2013020111, OTT, h
2013020112, COL, v
2013020112, BUF, h
2013020113, NSH, v
2013020113, MTL, h
2013020114, BOS, v
2013020114, TBL, h
2013020115, MIN, v
2013020115, FLA, h
2013020116, NYR, v
2013020116, NJD, h
2013020117, CAR, v
2013020117, NYI, h
2013020118, CBJ, v
2013020118, WSH, h
2013020119, TOR, v
2013020119, CHI, h
2013020120, DET, v
2013020120, PHX, h
2013020121, CGY, v
2013020121, SJS, h
2013020122, DAL, v
2013020122, LAK, h
2013020123, VAN, v
2013020123, CBJ, h
2013020124, NSH, v
2013020124, WPG, h
2013020125, DAL, v
2013020125, ANA, h
2013020126, SJS, v
2013020126, DET, h
2013020127, COL, v
2013020127, PIT, h
2013020128, CGY, v
2013020128, LAK, h
2013020129, ANA, v
2013020129, TOR, h
2013020130, VAN, v
2013020130, NYI, h
2013020131, NJD, v
2013020131, CBJ, h
2013020132, EDM, v
2013020132, MTL, h
2013020133, CHI, v
2013020133, FLA, h
2013020134, NSH, v
2013020134, MIN, h
2013020135, WSH, v
2013020135, WPG, h
2013020136, CGY, v
2013020136, PHX, h
2013020137, OTT, v
2013020137, DET, h
2013020138, BOS, v
2013020138, BUF, h
2013020139, SJS, v
2013020139, BOS, h
2013020140, VAN, v
2013020140, NJD, h
2013020141, NYR, v
2013020141, PHI, h
2013020142, ANA, v
2013020142, MTL, h
2013020143, CHI, v
2013020143, TBL, h
2013020144, WPG, v
2013020144, NSH, h
2013020145, CAR, v
2013020145, MIN, h
2013020146, CGY, v
2013020146, DAL, h
2013020147, WSH, v
2013020147, EDM, h
2013020148, PHX, v
2013020148, LAK, h
2013020149, NYI, v
2013020149, PIT, h
2013020150, TOR, v
2013020150, CBJ, h
2013020151, ANA, v
2013020151, OTT, h
2013020152, BUF, v
2013020152, FLA, h
2013020153, VAN, v
2013020153, STL, h
2013020154, CAR, v
2013020154, COL, h
2013020164, EDM, v
2013020164, PHX, h
2013020155, NJD, v
2013020155, BOS, h
2013020156, PIT, v
2013020156, TOR, h
2013020157, SJS, v
2013020157, MTL, h
2013020158, NYR, v
2013020158, DET, h
2013020159, BUF, v
2013020159, TBL, h
2013020160, PHI, v
2013020160, NYI, h
2013020161, WPG, v
2013020161, DAL, h
2013020162, MIN, v
2013020162, CHI, h
2013020163, STL, v
2013020163, NSH, h
2013020165, WSH, v
2013020165, CGY, h
2013020166, SJS, v
2013020166, OTT, h
2013020167, TBL, v
2013020167, FLA, h
2013020168, ANA, v
2013020168, CBJ, h
2013020169, WPG, v
2013020169, COL, h
2013020170, EDM, v
2013020170, LAK, h
2013020171, DAL, v
2013020171, BUF, h
2013020172, PIT, v
2013020172, CAR, h
2013020173, MTL, v
2013020173, NYR, h
2013020174, CHI, v
2013020174, MIN, h
2013020175, WSH, v
2013020175, VAN, h
